order,line_id,item,sku,qty,karat,era,paid_gold,paid_diamond,paid_making,paid_discount_row,paid_gst,gst_source,paid_total,invoice_per_piece,stone_paid_cap,cap_source,net_wt,net_wt_source,rate_today,live_diamond,live_diamond_source,gold_leg,diamond_leg,deduction,deduction_verdict,full_value,full_value_verdict,blocks,confirms,info
#1001,16829840130305,Quasar Lab-Grown Diamond Engagement Ring,RG00037|Y|14|VVSVS|H|10|0.7|NA,1,14,none,,,,,8964,order (GST),,58764,,,,,8831,,unavailable,,,,BLOCKED,58764,BLOCKED,"[both] #1001 is tagged ""test orders"". It is not a real sale and cannot be exchanged. || [both] #1001 was cancelled on 2026-01-01. There is nothing to exchange. || [both] #1001 is REFUNDED in Shopify. The customer already has their money back. || [deduction] The diamond on this item has no current value anywhere (its listing is gone and the order recorded no diamond price). Use Full Value. || [deduction] The gold weight of this piece is not recorded on the order and its product listing is gone. Weigh the piece and enter its NET gold weight (gross weight minus stones) in the weighed-weight cell, with a reason.",,"[full] No price breakup was recorded on this order, so the paid column is empty. Full Value credits the ₹58,764.00 charged."
#1002,16835531440385,Stellar Lab-Grown Diamond Cocktail Ring,RG00008|P|18|VVSVS|H|10|1.48|NA,1,18,none,,,,,17712,order (GST),,116112,,,,,11355,,unavailable,,,,BLOCKED,116112,BLOCKED,"[both] #1002 is tagged ""test orders"". It is not a real sale and cannot be exchanged. || [both] #1002 was cancelled on 2026-01-02. There is nothing to exchange. || [both] #1002 is REFUNDED in Shopify. The customer already has their money back. || [deduction] The diamond on this item has no current value anywhere (its listing is gone and the order recorded no diamond price). Use Full Value. || [deduction] The gold weight of this piece is not recorded on the order and its product listing is gone. Weigh the piece and enter its NET gold weight (gross weight minus stones) in the weighed-weight cell, with a reason.",,"[full] No price breakup was recorded on this order, so the paid column is empty. Full Value credits the ₹1,16,112.00 charged."
#1003,16835540058369,Aurora Lab-Grown Diamond Ring,RG00004|Y|18|VVSVS|H|10|NA|NA,1,18,none,,,,,13950,order (GST),,91450,,,,,11355,0,unavailable,,0,,BLOCKED,91450,BLOCKED,"[both] #1003 is tagged ""test orders"". It is not a real sale and cannot be exchanged. || [both] #1003 was cancelled on 2026-01-02. There is nothing to exchange. || [both] #1003 is REFUNDED in Shopify. The customer already has their money back. || [deduction] The gold weight of this piece is not recorded on the order and its product listing is gone. Weigh the piece and enter its NET gold weight (gross weight minus stones) in the weighed-weight cell, with a reason.",,"[full] No price breakup was recorded on this order, so the paid column is empty. Full Value credits the ₹91,450.00 charged."
#1004,16835553624321,Stardust Lab-Grown Diamond Band,RG00005|Y|18|VVSVS|H|10|0.99|NA,1,18,none,,,,,14022,order (GST),,91922,,,,,11355,,unavailable,,,,BLOCKED,91922,BLOCKED,"[both] #1004 is tagged ""test orders"". It is not a real sale and cannot be exchanged. || [both] #1004 was cancelled on 2026-01-08. There is nothing to exchange. || [both] #1004 is REFUNDED in Shopify. The customer already has their money back. || [deduction] The diamond on this item has no current value anywhere (its listing is gone and the order recorded no diamond price). Use Full Value. || [deduction] The gold weight of this piece is not recorded on the order and its product listing is gone. Weigh the piece and enter its NET gold weight (gross weight minus stones) in the weighed-weight cell, with a reason.",,"[full] No price breakup was recorded on this order, so the paid column is empty. Full Value credits the ₹91,922.00 charged."
#1005,16965405835521,Celestial Tapered Lab-Grown Diamond Ring,RG00030|Y|18|VVSVS|H|10|0.18|NA,1,18,none,,,,,,order (GST),,43015,10490.47,"bounded by what was paid: ₹41,762.14 ex-GST − today's gold ₹31,271.67 (stone price not recorded)",2.754,today's catalogue (net_metal_weight_g),11355,7200,today's catalogue (price_breakup_diamond),31271.67,5760,37031.67,BLOCKED,43015,BLOCKED,"[both] #1005 is tagged ""test orders"". It is not a real sale and cannot be exchanged. || [both] #1005 was cancelled on 2026-02-02. There is nothing to exchange. || [both] #1005 is VOIDED in Shopify. The customer already has their money back. || [both] This item was refunded in Shopify. It cannot also be exchanged.","[deduction] The weight sold was not recorded on this order, so today's catalogue weight (2.754 g) is used. Catalogue weights have been edited on some products since they were sold. If the piece weighs differently, enter the weighed net weight. || [deduction] This order did not record what the diamond cost, so the diamond credit is capped at what was paid for the piece (₹41,762.14 ex-GST) less its gold: ₹10,490.47.","[full] No price breakup was recorded on this order, so the paid column is empty. Full Value credits the ₹43,015.00 charged."
#1006,16969261187329,Horizon Contemporary Lab-Grown Diamond Band,RG00021|Y|18|VVSVS|H|13|0.23|NA,1,18,none,,,,,,order (GST),,22805.83,9151.46,"bounded by what was paid: ₹22,141.58 ex-GST − today's gold ₹12,990.12 (stone price not recorded)",1.144,today's catalogue (net_metal_weight_g),11355,6900,today's catalogue (price_breakup_diamond),12990.12,5520,18510.12,BLOCKED,22805.83,BLOCKED,"[both] #1006 is tagged ""test orders"". It is not a real sale and cannot be exchanged.","[deduction] The weight sold was not recorded on this order, so today's catalogue weight (1.144 g) is used. Catalogue weights have been edited on some products since they were sold. If the piece weighs differently, enter the weighed net weight. || [deduction] This order did not record what the diamond cost, so the diamond credit is capped at what was paid for the piece (₹22,141.58 ex-GST) less its gold: ₹9,151.46.","[full] No price breakup was recorded on this order, so the paid column is empty. Full Value credits the ₹22,805.83 charged."
#1007,16982255534337,Io Lab-Grown Diamond Solitaire Pendant,PD00013|PG|14|VVSVSEFG|H|None|0.26|NA,1,14,none,,,,,,order (GST),,24093.42,11156.32,"bounded by what was paid: ₹23,391.67 ex-GST − today's gold ₹12,235.35 (stone price not recorded)",1.386,today's catalogue (net_metal_weight_g),8831,9100,today's catalogue (price_breakup_diamond),12235.35,7280,19515.35,BLOCKED,24093.42,BLOCKED,"[both] #1007 is tagged ""test orders"". It is not a real sale and cannot be exchanged. || [both] #1007 was cancelled on 2026-02-06. There is nothing to exchange. || [both] #1007 is REFUNDED in Shopify. The customer already has their money back.","[deduction] The weight sold was not recorded on this order, so today's catalogue weight (1.3855 g) is used. Catalogue weights have been edited on some products since they were sold. If the piece weighs differently, enter the weighed net weight. || [deduction] This order did not record what the diamond cost, so the diamond credit is capped at what was paid for the piece (₹23,391.67 ex-GST) less its gold: ₹11,156.32.","[full] No price breakup was recorded on this order, so the paid column is empty. Full Value credits the ₹24,093.42 charged."
#1008,17028052648193,Triad Pendant,PD00004|P|14|VVSVS|H|NA|0.21|NA,1,14,none,,,,,,order (GST),,29891.37,15449.27,"bounded by what was paid: ₹29,020.75 ex-GST − today's gold ₹13,571.48 (stone price not recorded)",1.537,today's catalogue (net_metal_weight_g),8831,9500,today's catalogue (price_breakup_diamond),13571.48,7600,21171.48,BLOCKED,29891.37,BLOCKED,"[both] #1008 is tagged ""test orders"". It is not a real sale and cannot be exchanged.","[both] A voucher was already issued against #1008: VCH27-KATEST-0002 for ₹20,908.69. It may be a balance refund rather than a return. Check with HQ that this item has not already been credited. || [deduction] The weight sold was not recorded on this order, so today's catalogue weight (1.5368 g) is used. Catalogue weights have been edited on some products since they were sold. If the piece weighs differently, enter the weighed net weight. || [deduction] This order did not record what the diamond cost, so the diamond credit is capped at what was paid for the piece (₹29,020.75 ex-GST) less its gold: ₹15,449.27.","[full] No price breakup was recorded on this order, so the paid column is empty. Full Value credits the ₹29,891.37 charged."
#1009,17029738529025,Horizon Lab Diamond Band,RG00021|P|14|VVSVS|H|17|0.23|NA,1,14,none,,,,,,order (GST),,19617.32,9381.29,"bounded by what was paid: ₹19,045.94 ex-GST − today's gold ₹9,664.65 (stone price not recorded)",1.094,today's catalogue (net_metal_weight_g),8831,6900,today's catalogue (price_breakup_diamond),9664.65,5520,15184.65,BLOCKED,19617.32,BLOCKED,"[both] #1009 is tagged ""test orders"". It is not a real sale and cannot be exchanged. || [both] #1009 is REFUNDED in Shopify. The customer already has their money back. || [both] #1009 was already exchanged (EXC27-KATEST-0004, ₹19,617.32, applied to #D186). Void that Exchange Note first if this exchange is being redone.","[both] A voucher was already issued against #1009: VCH-2026-0001 for ₹13,736.96. It may be a balance refund rather than a return. Check with HQ that this item has not already been credited. || [deduction] The weight sold was not recorded on this order, so today's catalogue weight (1.0944 g) is used. Catalogue weights have been edited on some products since they were sold. If the piece weighs differently, enter the weighed net weight. || [deduction] This order did not record what the diamond cost, so the diamond credit is capped at what was paid for the piece (₹19,045.94 ex-GST) less its gold: ₹9,381.29.","[full] No price breakup was recorded on this order, so the paid column is empty. Full Value credits the ₹19,617.32 charged."
#1010,17045218722049,Archive - Lab-Grown Diamond Bracelet,BC00012|Y|14|VVSVS|H|7|5.46|NA,1,14,none,,,,,,order (GST),,252232.74,203991.57,"bounded by what was paid: ₹2,44,886.16 ex-GST − today's gold ₹40,894.59 (stone price not recorded)",4.631,today's catalogue (net_metal_weight_g),8831,163800,today's catalogue (price_breakup_diamond),40894.59,131040,171934.59,BLOCKED,252232.74,BLOCKED,"[both] #1010 is tagged ""test orders"". It is not a real sale and cannot be exchanged. || [both] #1010 was cancelled on 2026-02-25. There is nothing to exchange.","[deduction] The weight sold was not recorded on this order, so today's catalogue weight (4.6308 g) is used. Catalogue weights have been edited on some products since they were sold. If the piece weighs differently, enter the weighed net weight. || [deduction] This order did not record what the diamond cost, so the diamond credit is capped at what was paid for the piece (₹2,44,886.16 ex-GST) less its gold: ₹2,03,991.57.","[full] No price breakup was recorded on this order, so the paid column is empty. Full Value credits the ₹2,52,232.74 charged."
#1011,17048217223425,Aura Lab Diamond Ring,RG00006|P|14|VVSVS|H|13|0.79|NA,1,14,none,,,,,,order (GST),,64633.22,39736.23,"bounded by what was paid: ₹62,750.70 ex-GST − today's gold ₹23,014.47 (stone price not recorded)",2.606,today's catalogue (net_metal_weight_g),8831,31600,today's catalogue (price_breakup_diamond),23014.47,25280,48294.47,BLOCKED,64633.22,BLOCKED,"[both] #1011 is tagged ""test orders"". It is not a real sale and cannot be exchanged. || [both] #1011 is REFUNDED in Shopify. The customer already has their money back. || [both] #1011 was already exchanged (EXC27-KATEST-0003, ₹47,533.49, applied to #D173). Void that Exchange Note first if this exchange is being redone.","[both] A voucher was already issued against #1011: VCH27-KATEST-0001 for ₹47,533.49. It may be a balance refund rather than a return. Check with HQ that this item has not already been credited. || [deduction] The weight sold was not recorded on this order, so today's catalogue weight (2.6061 g) is used. Catalogue weights have been edited on some products since they were sold. If the piece weighs differently, enter the weighed net weight. || [deduction] This order did not record what the diamond cost, so the diamond credit is capped at what was paid for the piece (₹62,750.70 ex-GST) less its gold: ₹39,736.23.","[full] No price breakup was recorded on this order, so the paid column is empty. Full Value credits the ₹64,633.22 charged."
#1012,17051876360449,TestPOS,,1,,none,,,,,,order (GST),,500,,,,,,0,,,0,,BLOCKED,500,BLOCKED,"[both] #1012 is tagged ""test orders"". It is not a real sale and cannot be exchanged. || [both] #1012 was cancelled on 2026-06-26. There is nothing to exchange. || [deduction] No gold rate for this item (karat unreadable from SKU """"). Check the gold_rate config is set. || [deduction] Could not read this product from Shopify (not in snapshot). Try the lookup again. || [deduction] The gold weight of this piece is not recorded on the order and its product listing is gone. Weigh the piece and enter its NET gold weight (gross weight minus stones) in the weighed-weight cell, with a reason.",,"[full] No price breakup was recorded on this order, so the paid column is empty. Full Value credits the ₹500.00 charged."
#1013,17056846250241,TestPOS,,1,,none,,,,,,order (GST),,500,,,,,,0,,,0,,BLOCKED,500,BLOCKED,"[both] #1013 is tagged ""test orders"". It is not a real sale and cannot be exchanged. || [deduction] No gold rate for this item (karat unreadable from SKU """"). Check the gold_rate config is set. || [deduction] Could not read this product from Shopify (not in snapshot). Try the lookup again. || [deduction] The gold weight of this piece is not recorded on the order and its product listing is gone. Weigh the piece and enter its NET gold weight (gross weight minus stones) in the weighed-weight cell, with a reason.",,"[full] No price breakup was recorded on this order, so the paid column is empty. Full Value credits the ₹500.00 charged."
#1014,17181184590081,TestPOS,,1,,none,,,,,,order (GST),,500,,,,,,0,,,0,,BLOCKED,500,BLOCKED,"[both] #1014 is tagged ""test orders"". It is not a real sale and cannot be exchanged. || [deduction] No gold rate for this item (karat unreadable from SKU """"). Check the gold_rate config is set. || [deduction] Could not read this product from Shopify (not in snapshot). Try the lookup again. || [deduction] The gold weight of this piece is not recorded on the order and its product listing is gone. Weigh the piece and enter its NET gold weight (gross weight minus stones) in the weighed-weight cell, with a reason.",,"[full] No price breakup was recorded on this order, so the paid column is empty. Full Value credits the ₹500.00 charged."
#1015,17181767008513,Celestial Link Double Strand Bracelet- Lab-Grown Diamond Bracelet,BC00004|P|18|VVSVS|H|7|0.43|NA,1,18,none,,,,,,order (GST),,86816.45,27240.3,"bounded by what was paid: ₹84,287.82 ex-GST − today's gold ₹57,047.52 (stone price not recorded)",5.024,today's catalogue (net_metal_weight_g),11355,12900,today's catalogue (price_breakup_diamond),57047.52,10320,67367.52,BLOCKED,86816.45,BLOCKED,"[both] #1015 is tagged ""test orders"". It is not a real sale and cannot be exchanged.","[deduction] The weight sold was not recorded on this order, so today's catalogue weight (5.024 g) is used. Catalogue weights have been edited on some products since they were sold. If the piece weighs differently, enter the weighed net weight. || [deduction] This order did not record what the diamond cost, so the diamond credit is capped at what was paid for the piece (₹84,287.82 ex-GST) less its gold: ₹27,240.30.","[full] No price breakup was recorded on this order, so the paid column is empty. Full Value credits the ₹86,816.45 charged."
#1015,17181767041281,Celestial Link Double Strand Bracelet- Lab-Grown Diamond Bracelet,BC00004|P|18|VVSVS|H|5|0.43|NA,1,18,none,,,,,,order (GST),,86816.45,27240.3,"bounded by what was paid: ₹84,287.82 ex-GST − today's gold ₹57,047.52 (stone price not recorded)",5.024,today's catalogue (net_metal_weight_g),11355,12900,today's catalogue (price_breakup_diamond),57047.52,10320,67367.52,BLOCKED,86816.45,BLOCKED,"[both] #1015 is tagged ""test orders"". It is not a real sale and cannot be exchanged.","[deduction] The weight sold was not recorded on this order, so today's catalogue weight (5.024 g) is used. Catalogue weights have been edited on some products since they were sold. If the piece weighs differently, enter the weighed net weight. || [deduction] This order did not record what the diamond cost, so the diamond credit is capped at what was paid for the piece (₹84,287.82 ex-GST) less its gold: ₹27,240.30.","[full] No price breakup was recorded on this order, so the paid column is empty. Full Value credits the ₹86,816.45 charged."
#1016,17199641723137,Pending Payment for #D18,,1,,none,,,,,,order (GST),,19334.11,,,,,,0,unavailable,,0,,BLOCKED,19334.11,BLOCKED,"[both] #1016 is tagged ""test orders"". It is not a real sale and cannot be exchanged. || [deduction] No gold rate for this item (karat unreadable from SKU """"). Check the gold_rate config is set. || [deduction] The gold weight of this piece is not recorded on the order and its product listing is gone. Weigh the piece and enter its NET gold weight (gross weight minus stones) in the weighed-weight cell, with a reason.",,"[full] No price breakup was recorded on this order, so the paid column is empty. Full Value credits the ₹19,334.11 charged."
#1017,17199805956353,TestPOS,,1,,none,,,,,,order (GST),,500,,,,,,0,,,0,,BLOCKED,500,BLOCKED,"[both] #1017 is tagged ""test orders"". It is not a real sale and cannot be exchanged. || [deduction] No gold rate for this item (karat unreadable from SKU """"). Check the gold_rate config is set. || [deduction] Could not read this product from Shopify (not in snapshot). Try the lookup again. || [deduction] The gold weight of this piece is not recorded on the order and its product listing is gone. Weigh the piece and enter its NET gold weight (gross weight minus stones) in the weighed-weight cell, with a reason.",,"[full] No price breakup was recorded on this order, so the paid column is empty. Full Value credits the ₹500.00 charged."
#1018,17203046187265,TestPOS,,1,,none,,,,,,order (GST),,500,,,,,,0,,,0,,BLOCKED,500,BLOCKED,"[both] #1018 is tagged ""test orders"". It is not a real sale and cannot be exchanged. || [deduction] No gold rate for this item (karat unreadable from SKU """"). Check the gold_rate config is set. || [deduction] Could not read this product from Shopify (not in snapshot). Try the lookup again. || [deduction] The gold weight of this piece is not recorded on the order and its product listing is gone. Weigh the piece and enter its NET gold weight (gross weight minus stones) in the weighed-weight cell, with a reason.",[both] A voucher was already issued against #1018: VCH27-KATEST-0003 for ₹500.00. It may be a balance refund rather than a return. Check with HQ that this item has not already been credited.,"[full] No price breakup was recorded on this order, so the paid column is empty. Full Value credits the ₹500.00 charged."
#1019,17203072336129,Heirloom - Lab-Grown Diamond Bracelet,BC00015|W|18|VVSVS|H|7|1.9|NA,1,18,none,,,,,,order (GST),,100110.75,80275.95,"bounded by what was paid: ₹97,194.90 ex-GST − today's gold ₹16,918.95 (stone price not recorded)",1.49,today's catalogue (net_metal_weight_g),11355,57000,today's catalogue (price_breakup_diamond),16918.95,45600,62518.95,BLOCKED,100110.75,BLOCKED,"[both] #1019 is tagged ""test orders"". It is not a real sale and cannot be exchanged. || [both] #1019 is tagged ""returned"". The item has already come back. || [both] #1019 was already exchanged (EXC-2026-0001, ₹61,960.20, applied to #D172). Void that Exchange Note first if this exchange is being redone.","[both] A voucher was already issued against #1019: VCH-2026-0001 for ₹61,960.20. It may be a balance refund rather than a return. Check with HQ that this item has not already been credited. || [deduction] The weight sold was not recorded on this order, so today's catalogue weight (1.49 g) is used. Catalogue weights have been edited on some products since they were sold. If the piece weighs differently, enter the weighed net weight. || [deduction] This order did not record what the diamond cost, so the diamond credit is capped at what was paid for the piece (₹97,194.90 ex-GST) less its gold: ₹80,275.95.","[full] No price breakup was recorded on this order, so the paid column is empty. Full Value credits the ₹1,00,110.75 charged."
#1020,17203095142657,TestPOS,,1,,none,,,,,,order (GST),,500,,,,,,0,,,0,,BLOCKED,500,BLOCKED,"[both] #1020 is tagged ""test orders"". It is not a real sale and cannot be exchanged. || [deduction] No gold rate for this item (karat unreadable from SKU """"). Check the gold_rate config is set. || [deduction] Could not read this product from Shopify (not in snapshot). Try the lookup again. || [deduction] The gold weight of this piece is not recorded on the order and its product listing is gone. Weigh the piece and enter its NET gold weight (gross weight minus stones) in the weighed-weight cell, with a reason.",,"[full] No price breakup was recorded on this order, so the paid column is empty. Full Value credits the ₹500.00 charged."
#1021,17220048814337,TestPOS,,1,,none,,,,,,order (GST),,500,,,,,,0,,,0,,BLOCKED,500,BLOCKED,"[both] #1021 is tagged ""test orders"". It is not a real sale and cannot be exchanged. || [deduction] No gold rate for this item (karat unreadable from SKU """"). Check the gold_rate config is set. || [deduction] Could not read this product from Shopify (not in snapshot). Try the lookup again. || [deduction] The gold weight of this piece is not recorded on the order and its product listing is gone. Weigh the piece and enter its NET gold weight (gross weight minus stones) in the weighed-weight cell, with a reason.",[both] A voucher was already issued against #1021: VCH27-KATEST-0005 for ₹500.00. It may be a balance refund rather than a return. Check with HQ that this item has not already been credited.,"[full] No price breakup was recorded on this order, so the paid column is empty. Full Value credits the ₹500.00 charged."
#1022,17226165256449,Apex Emerald cut Band,RG00054|W|18|VVSVS-EFG|H|13|1.00|NA,1,18,none,,,,,,order (GST),,70122.26,44915.66,"bounded by what was paid: ₹68,079.86 ex-GST − today's gold ₹23,164.20 (stone price not recorded)",2.04,today's catalogue (net_metal_weight_g),11355,40000,today's catalogue (price_breakup_diamond),23164.2,32000,55164.2,BLOCKED,70122.26,BLOCKED,"[both] #1022 is tagged ""test orders"". It is not a real sale and cannot be exchanged. || [both] #1022 was already exchanged (EXC27-KATEST-0005, ₹70,122.26, applied to #D191). Void that Exchange Note first if this exchange is being redone.","[deduction] The weight sold was not recorded on this order, so today's catalogue weight (2.04 g) is used. Catalogue weights have been edited on some products since they were sold. If the piece weighs differently, enter the weighed net weight. || [deduction] This order did not record what the diamond cost, so the diamond credit is capped at what was paid for the piece (₹68,079.86 ex-GST) less its gold: ₹44,915.66.","[full] No price breakup was recorded on this order, so the paid column is empty. Full Value credits the ₹70,122.26 charged."
#1023,17226443784449,Apex Emerald cut Band,RG00054|W|18|VVSVS-EFG|H|13|1.00|NA,1,18,none,,,,,,order (GST),,70122.26,44915.66,"bounded by what was paid: ₹68,079.86 ex-GST − today's gold ₹23,164.20 (stone price not recorded)",2.04,today's catalogue (net_metal_weight_g),11355,40000,today's catalogue (price_breakup_diamond),23164.2,32000,55164.2,BLOCKED,70122.26,BLOCKED,"[both] #1023 is tagged ""test orders"". It is not a real sale and cannot be exchanged.","[deduction] The weight sold was not recorded on this order, so today's catalogue weight (2.04 g) is used. Catalogue weights have been edited on some products since they were sold. If the piece weighs differently, enter the weighed net weight. || [deduction] This order did not record what the diamond cost, so the diamond credit is capped at what was paid for the piece (₹68,079.86 ex-GST) less its gold: ₹44,915.66.","[full] No price breakup was recorded on this order, so the paid column is empty. Full Value credits the ₹70,122.26 charged."
#1024,17231120957697,TestPOS,,1,,none,,,,,,order (GST),,500,,,,,,0,,,0,,BLOCKED,500,BLOCKED,"[both] #1024 is tagged ""test orders"". It is not a real sale and cannot be exchanged. || [both] #1024 is REFUNDED in Shopify. The customer already has their money back. || [deduction] No gold rate for this item (karat unreadable from SKU """"). Check the gold_rate config is set. || [deduction] Could not read this product from Shopify (not in snapshot). Try the lookup again. || [deduction] The gold weight of this piece is not recorded on the order and its product listing is gone. Weigh the piece and enter its NET gold weight (gross weight minus stones) in the weighed-weight cell, with a reason.",,"[full] No price breakup was recorded on this order, so the paid column is empty. Full Value credits the ₹500.00 charged."
#1025,17232354771201,TestPOS,,1,,none,,,,,,order (GST),,500,,,,,,0,,,0,,BLOCKED,500,BLOCKED,"[both] #1025 is tagged ""test orders"". It is not a real sale and cannot be exchanged. || [deduction] No gold rate for this item (karat unreadable from SKU """"). Check the gold_rate config is set. || [deduction] Could not read this product from Shopify (not in snapshot). Try the lookup again. || [deduction] The gold weight of this piece is not recorded on the order and its product listing is gone. Weigh the piece and enter its NET gold weight (gross weight minus stones) in the weighed-weight cell, with a reason.",,"[full] No price breakup was recorded on this order, so the paid column is empty. Full Value credits the ₹500.00 charged."
#1026,17232364437761,TestPOS,,1,,none,,,,,,order (GST),,500,,,,,,0,,,0,,BLOCKED,500,BLOCKED,"[both] #1026 is tagged ""test orders"". It is not a real sale and cannot be exchanged. || [deduction] No gold rate for this item (karat unreadable from SKU """"). Check the gold_rate config is set. || [deduction] Could not read this product from Shopify (not in snapshot). Try the lookup again. || [deduction] The gold weight of this piece is not recorded on the order and its product listing is gone. Weigh the piece and enter its NET gold weight (gross weight minus stones) in the weighed-weight cell, with a reason.",,"[full] No price breakup was recorded on this order, so the paid column is empty. Full Value credits the ₹500.00 charged."
#1027,17234995708161,TestPOS,,1,,none,,,,,,order (GST),,500,,,,,,0,,,0,,BLOCKED,500,BLOCKED,"[both] #1027 is tagged ""test orders"". It is not a real sale and cannot be exchanged. || [deduction] No gold rate for this item (karat unreadable from SKU """"). Check the gold_rate config is set. || [deduction] Could not read this product from Shopify (not in snapshot). Try the lookup again. || [deduction] The gold weight of this piece is not recorded on the order and its product listing is gone. Weigh the piece and enter its NET gold weight (gross weight minus stones) in the weighed-weight cell, with a reason.",,"[full] No price breakup was recorded on this order, so the paid column is empty. Full Value credits the ₹500.00 charged."
#1028,17235025658113,TestPOS,,1,,none,,,,50,,order (GST),,450,,,,,,0,,,0,,BLOCKED,450,BLOCKED,"[both] #1028 is tagged ""test orders"". It is not a real sale and cannot be exchanged. || [both] #1028 is REFUNDED in Shopify. The customer already has their money back. || [deduction] No gold rate for this item (karat unreadable from SKU """"). Check the gold_rate config is set. || [deduction] Could not read this product from Shopify (not in snapshot). Try the lookup again. || [deduction] The gold weight of this piece is not recorded on the order and its product listing is gone. Weigh the piece and enter its NET gold weight (gross weight minus stones) in the weighed-weight cell, with a reason.",,"[full] No price breakup was recorded on this order, so the paid column is empty. Full Value credits the ₹450.00 charged."
#1029,17235198050561,TestPOS,,1,,none,,,,,,order (GST),,500,,,,,,0,,,0,,BLOCKED,500,BLOCKED,"[both] #1029 is tagged ""test orders"". It is not a real sale and cannot be exchanged. || [both] #1029 is REFUNDED in Shopify. The customer already has their money back. || [deduction] No gold rate for this item (karat unreadable from SKU """"). Check the gold_rate config is set. || [deduction] Could not read this product from Shopify (not in snapshot). Try the lookup again. || [deduction] The gold weight of this piece is not recorded on the order and its product listing is gone. Weigh the piece and enter its NET gold weight (gross weight minus stones) in the weighed-weight cell, with a reason.",,"[full] No price breakup was recorded on this order, so the paid column is empty. Full Value credits the ₹500.00 charged."
#1030,17260773703937,TestPOS,,1,,none,,,,,,order (GST),,500,,,,,,0,,,0,,BLOCKED,500,BLOCKED,"[both] #1030 is tagged ""test orders"". It is not a real sale and cannot be exchanged. || [deduction] No gold rate for this item (karat unreadable from SKU """"). Check the gold_rate config is set. || [deduction] Could not read this product from Shopify (not in snapshot). Try the lookup again. || [deduction] The gold weight of this piece is not recorded on the order and its product listing is gone. Weigh the piece and enter its NET gold weight (gross weight minus stones) in the weighed-weight cell, with a reason.",,"[full] No price breakup was recorded on this order, so the paid column is empty. Full Value credits the ₹500.00 charged."
#1031,17288954675457,TestPOS,,1,,none,,,,,,order (GST),,500,,,,,,0,,,0,,BLOCKED,500,BLOCKED,"[both] #1031 is tagged ""test orders"". It is not a real sale and cannot be exchanged. || [deduction] No gold rate for this item (karat unreadable from SKU """"). Check the gold_rate config is set. || [deduction] Could not read this product from Shopify (not in snapshot). Try the lookup again. || [deduction] The gold weight of this piece is not recorded on the order and its product listing is gone. Weigh the piece and enter its NET gold weight (gross weight minus stones) in the weighed-weight cell, with a reason.",,"[full] No price breakup was recorded on this order, so the paid column is empty. Full Value credits the ₹500.00 charged."
#1032,17313310015745,TestPOS,,1,,none,,,,,,order (GST),,500,,,,,,0,,,0,,BLOCKED,500,BLOCKED,"[both] #1032 is tagged ""test orders"". It is not a real sale and cannot be exchanged. || [deduction] No gold rate for this item (karat unreadable from SKU """"). Check the gold_rate config is set. || [deduction] Could not read this product from Shopify (not in snapshot). Try the lookup again. || [deduction] The gold weight of this piece is not recorded on the order and its product listing is gone. Weigh the piece and enter its NET gold weight (gross weight minus stones) in the weighed-weight cell, with a reason.",,"[full] No price breakup was recorded on this order, so the paid column is empty. Full Value credits the ₹500.00 charged."
#1033,17313350910209,TestPOS,,1,,none,,,,,,order (GST),,500,,,,,,0,,,0,,BLOCKED,500,BLOCKED,"[both] #1033 is tagged ""test orders"". It is not a real sale and cannot be exchanged. || [deduction] No gold rate for this item (karat unreadable from SKU """"). Check the gold_rate config is set. || [deduction] Could not read this product from Shopify (not in snapshot). Try the lookup again. || [deduction] The gold weight of this piece is not recorded on the order and its product listing is gone. Weigh the piece and enter its NET gold weight (gross weight minus stones) in the weighed-weight cell, with a reason.",,"[full] No price breakup was recorded on this order, so the paid column is empty. Full Value credits the ₹500.00 charged."
#1034,17313457963265,Archive - Lab-Grown Diamond Bracelet,BC00012|Y|18|VVSVS|H|7|5.46|NA,1,18,none,,,,,,order (GST),,276083.6,206180.29,"bounded by what was paid: ₹2,68,042.33 ex-GST − today's gold ₹61,862.04 (stone price not recorded)",5.448,today's catalogue (net_metal_weight_g),11355,163800,today's catalogue (price_breakup_diamond),61862.04,131040,192902.04,BLOCKED,276083.6,BLOCKED,"[both] #1034 is tagged ""test orders"". It is not a real sale and cannot be exchanged. || [both] #1034 was already exchanged (EXC27-KATEST-0001, ₹1,18,000.00, applied to #D171). Void that Exchange Note first if this exchange is being redone.","[both] A voucher was already issued against #1034: VCH27-KATEST-0006 for ₹1,94,313.07. It may be a balance refund rather than a return. Check with HQ that this item has not already been credited. || [deduction] The weight sold was not recorded on this order, so today's catalogue weight (5.448 g) is used. Catalogue weights have been edited on some products since they were sold. If the piece weighs differently, enter the weighed net weight. || [deduction] This order did not record what the diamond cost, so the diamond credit is capped at what was paid for the piece (₹2,68,042.33 ex-GST) less its gold: ₹2,06,180.29.","[full] No price breakup was recorded on this order, so the paid column is empty. Full Value credits the ₹2,76,083.60 charged."
#1035,17329946427649,TestPOS,,1,,none,,,,,,order (GST),,500,,,,,,0,,,0,,BLOCKED,500,BLOCKED,"[both] #1035 is tagged ""test orders"". It is not a real sale and cannot be exchanged. || [deduction] No gold rate for this item (karat unreadable from SKU """"). Check the gold_rate config is set. || [deduction] Could not read this product from Shopify (not in snapshot). Try the lookup again. || [deduction] The gold weight of this piece is not recorded on the order and its product listing is gone. Weigh the piece and enter its NET gold weight (gross weight minus stones) in the weighed-weight cell, with a reason.",,"[full] No price breakup was recorded on this order, so the paid column is empty. Full Value credits the ₹500.00 charged."
#1036,17340817932545,TestPOS,,1,,none,,,,,,order (GST),,500,,,,,,0,,,0,,BLOCKED,500,BLOCKED,"[both] #1036 is tagged ""test orders"". It is not a real sale and cannot be exchanged. || [deduction] No gold rate for this item (karat unreadable from SKU """"). Check the gold_rate config is set. || [deduction] Could not read this product from Shopify (not in snapshot). Try the lookup again. || [deduction] The gold weight of this piece is not recorded on the order and its product listing is gone. Weigh the piece and enter its NET gold weight (gross weight minus stones) in the weighed-weight cell, with a reason.",,"[full] No price breakup was recorded on this order, so the paid column is empty. Full Value credits the ₹500.00 charged."
#1037,17340889366785,TestPOS,,1,,none,,,,,,order (GST),,500,,,,,,0,,,0,,BLOCKED,500,BLOCKED,"[both] #1037 is tagged ""test orders"". It is not a real sale and cannot be exchanged. || [both] #1037 was already exchanged (EXC27-KATEST-0006, ₹500.00, applied to #D199). Void that Exchange Note first if this exchange is being redone. || [deduction] No gold rate for this item (karat unreadable from SKU """"). Check the gold_rate config is set. || [deduction] Could not read this product from Shopify (not in snapshot). Try the lookup again. || [deduction] The gold weight of this piece is not recorded on the order and its product listing is gone. Weigh the piece and enter its NET gold weight (gross weight minus stones) in the weighed-weight cell, with a reason.",,"[full] No price breakup was recorded on this order, so the paid column is empty. Full Value credits the ₹500.00 charged."
#1038,17340995076353,Gold Coins,GCOIN|Y|24|VVSVSEFG|H|5|NA|NA,1,24,none,,,,,,order (GST),,82915,,,5,today's catalogue (net_metal_weight_g),15140,0,today's catalogue (price_breakup_diamond),75700,0,75700,CONFIRM,82915,CONFIRM,,"[both] A voucher was already issued against #1038: VCH27-KATEST-0007 for ₹78,675.00. It may be a balance refund rather than a return. Check with HQ that this item has not already been credited. || [deduction] The weight sold was not recorded on this order, so today's catalogue weight (5 g) is used. Catalogue weights have been edited on some products since they were sold. If the piece weighs differently, enter the weighed net weight.","[full] No price breakup was recorded on this order, so the paid column is empty. Full Value credits the ₹82,915.00 charged."
#1039,17345551565057,Arya Lab Diamond Mangalsutra,NK00013|Y|18|VVSVS|H|16 inches|1.18|NA,1,18,post-discount,39387.5,21516.51,1752.85,0,1893.2,order (GST),64550.06,65000,21516.51,order (Diamond — already after discount on orders of this period),3.187,today's catalogue (net_metal_weight_g),11355,35400,today's catalogue (price_breakup_diamond),36188.38,21516.51,57704.89,CONFIRM,65000,CONFIRM,,"[deduction] The weight sold was not recorded on this order, so today's catalogue weight (3.187 g) is used. Catalogue weights have been edited on some products since they were sold. If the piece weighs differently, enter the weighed net weight. || [full] The price breakup on this order does not add up to what was charged (₹64,550.06 vs ₹65,000.00). Full Value credits the ₹65,000.00 actually charged.","[both] The recorded breakup is ₹449.94 off what was charged; it is read as post-discount, the only reading within 1%."
#1040,17345576894721,Nexus Love necklace,NK00066|Y|18|VVSVSEFG|H|16|1.09|NA,1,18,none,,,,,,order (GST),,82109.54,46879.34,"bounded by what was paid: ₹79,718.00 ex-GST − today's gold ₹32,838.66 (stone price not recorded)",2.892,today's catalogue (net_metal_weight_g),11355,38500,today's catalogue (price_breakup_diamond),32838.66,30800,63638.66,CONFIRM,82109.54,OK,,"[deduction] The weight sold was not recorded on this order, so today's catalogue weight (2.892 g) is used. Catalogue weights have been edited on some products since they were sold. If the piece weighs differently, enter the weighed net weight. || [deduction] This order did not record what the diamond cost, so the diamond credit is capped at what was paid for the piece (₹79,718.00 ex-GST) less its gold: ₹46,879.34.","[full] No price breakup was recorded on this order, so the paid column is empty. Full Value credits the ₹82,109.54 charged."
#1041,17345610809601,Rhea Luminary Bangle,BG00019B|Y|18|VVSVSEFG|H|2.5|5.83|NA,1,18,none,,,,,,order (GST),,58941.98,0,"bounded by what was paid: ₹57,225.22 ex-GST − today's gold ₹95,244.60 (stone price not recorded)",8.388,today's catalogue (net_metal_weight_g),11355,174900,today's catalogue (price_breakup_diamond),95244.6,0,57225.22,CONFIRM,58941.98,OK,,"[deduction] The weight sold was not recorded on this order, so today's catalogue weight (8.3879 g) is used. Catalogue weights have been edited on some products since they were sold. If the piece weighs differently, enter the weighed net weight. || [deduction] This order did not record what the diamond cost, so the diamond credit is capped at what was paid for the piece (₹57,225.22 ex-GST) less its gold: ₹0.00. || [deduction] Nothing on this order records its weight or stone price, and today's catalogue values it at ₹95,244.60 — more than the ₹57,225.22 paid ex-GST. The credit is held to ₹57,225.22. If the piece is lighter than the catalogue says, enter its weighed net weight.","[full] No price breakup was recorded on this order, so the paid column is empty. Full Value credits the ₹58,941.98 charged."
#1041,17345610842369,Cia Luminary Bangle,BG00019C|Y|18|VVSVSEFG|H|2.5|5.83|NA,1,18,none,,,,,,order (GST),,58941.98,0,"bounded by what was paid: ₹57,225.22 ex-GST − today's gold ₹95,774.88 (stone price not recorded)",8.435,today's catalogue (net_metal_weight_g),11355,174900,today's catalogue (price_breakup_diamond),95774.88,0,57225.22,CONFIRM,58941.98,OK,,"[deduction] The weight sold was not recorded on this order, so today's catalogue weight (8.4346 g) is used. Catalogue weights have been edited on some products since they were sold. If the piece weighs differently, enter the weighed net weight. || [deduction] This order did not record what the diamond cost, so the diamond credit is capped at what was paid for the piece (₹57,225.22 ex-GST) less its gold: ₹0.00. || [deduction] Nothing on this order records its weight or stone price, and today's catalogue values it at ₹95,774.88 — more than the ₹57,225.22 paid ex-GST. The credit is held to ₹57,225.22. If the piece is lighter than the catalogue says, enter its weighed net weight.","[full] No price breakup was recorded on this order, so the paid column is empty. Full Value credits the ₹58,941.98 charged."
#1042,17347791257857,Radiance Round 0.40ct pair Lab-Grown Diamond Stud Earrings,ER00003|Y|18|VVSVS-EFG|H|NA|0.41|NA,1,18,post-discount,21906.42,4385.56,2834.23,0,873.79,order (GST),30000,30000,4385.56,order (Diamond — already after discount on orders of this period),1.722,today's catalogue (net_metal_weight_g),11355,12300,today's catalogue (price_breakup_diamond),19553.31,4385.56,23938.87,CONFIRM,30000,OK,,"[deduction] The weight sold was not recorded on this order, so today's catalogue weight (1.722 g) is used. Catalogue weights have been edited on some products since they were sold. If the piece weighs differently, enter the weighed net weight.",
#1043,17347803447553,Gold Coins,GCOIN|Y|24|VVSVSEFG|H|1|NA|NA,1,24,none,,,,,,order (GST),,16995,,,1,today's catalogue (net_metal_weight_g),15140,0,today's catalogue (price_breakup_diamond),15140,0,15140,CONFIRM,16995,OK,,"[deduction] The weight sold was not recorded on this order, so today's catalogue weight (1 g) is used. Catalogue weights have been edited on some products since they were sold. If the piece weighs differently, enter the weighed net weight.","[full] No price breakup was recorded on this order, so the paid column is empty. Full Value credits the ₹16,995.00 charged."
#1044,17347817210113,Sheen Pear Earring,ER00054|W|14|VVSVSEFG|H|NA|0.6|NA,1,14,post-discount,9506,12967.84,1798,0,728.16,order (GST),25000,25000,12967.84,order (Diamond — already after discount on orders of this period),,,8831,12967.84,the diamond price charged (no current listing),,10374.27,,BLOCKED,25000,OK,"[deduction] The gold weight of this piece is not recorded on the order and its product listing is gone. Weigh the piece and enter its NET gold weight (gross weight minus stones) in the weighed-weight cell, with a reason.","[deduction] This product listing has been deleted from Shopify, so there is no current diamond price. The diamond is valued at what was charged (₹12,967.84) and credited at 80% of that.",
#1045,17347874160897,Sia  round 1.00ct lab-diamond necklace,PD00021|Y|14|VVSVSEFG|H|NA|1.18|NA,1,14,post-discount,24191.8,12759.59,2369,0,1179.61,order (GST),40500,40500,12759.59,order (Diamond — already after discount on orders of this period),2.494,today's catalogue (net_metal_weight_g),8831,37000,today's catalogue (price_breakup_diamond),22024.51,12759.59,34784.1,CONFIRM,40500,OK,,"[deduction] The weight sold was not recorded on this order, so today's catalogue weight (2.494 g) is used. Catalogue weights have been edited on some products since they were sold. If the piece weighs differently, enter the weighed net weight.",
#1046,17347894411521,Gold Coins,GCOIN|Y|24|VVSVSEFG|H|1|NA|NA,1,24,none,,,,,,order (GST),,16500,,,1,today's catalogue (net_metal_weight_g),15140,0,today's catalogue (price_breakup_diamond),15140,0,15140,CONFIRM,16500,OK,,"[deduction] The weight sold was not recorded on this order, so today's catalogue weight (1 g) is used. Catalogue weights have been edited on some products since they were sold. If the piece weighs differently, enter the weighed net weight.","[full] No price breakup was recorded on this order, so the paid column is empty. Full Value credits the ₹16,500.00 charged."
#1047,17347925704961,Valor Pear Pendant,PD00025|Y|14|VVSVSEFG|H|NA|0.3|NA,1,14,post-discount,9894,6366.73,1215,0,524.27,order (GST),18000,18000,6366.73,order (Diamond — already after discount on orders of this period),1.02,today's catalogue (net_metal_weight_g),8831,12000,today's catalogue (price_breakup_diamond),9007.62,6366.73,15374.35,CONFIRM,18000,OK,,"[deduction] The weight sold was not recorded on this order, so today's catalogue weight (1.02 g) is used. Catalogue weights have been edited on some products since they were sold. If the piece weighs differently, enter the weighed net weight.",
#1048,17347950051585,Nosepin,,1,,none,,,,,,order (GST),,12500,,,,,,0,unavailable,,0,,BLOCKED,12500,OK,"[deduction] No gold rate for this item (karat unreadable from SKU """"). Check the gold_rate config is set. || [deduction] The gold weight of this piece is not recorded on the order and its product listing is gone. Weigh the piece and enter its NET gold weight (gross weight minus stones) in the weighed-weight cell, with a reason.",,"[full] No price breakup was recorded on this order, so the paid column is empty. Full Value credits the ₹12,500.00 charged."
#1049,17357932921089,Sage Serenity Emerald necklace,NK00084|Y|14|VVSVSEFG|H|16|5.89|NA,1,14,none,,,,,,order (GST),,78589,25698.37,"bounded by what was paid: ₹76,300.00 ex-GST − today's gold ₹50,601.63 (stone price not recorded)",5.73,today's catalogue (net_metal_weight_g),8831,13000.01,today's catalogue (price_breakup_diamond),50601.63,10400.01,61001.64,CONFIRM,78589,OK,,"[deduction] The weight sold was not recorded on this order, so today's catalogue weight (5.73 g) is used. Catalogue weights have been edited on some products since they were sold. If the piece weighs differently, enter the weighed net weight. || [deduction] This order did not record what the diamond cost, so the diamond credit is capped at what was paid for the piece (₹76,300.00 ex-GST) less its gold: ₹25,698.37.","[full] No price breakup was recorded on this order, so the paid column is empty. Full Value credits the ₹78,589.00 charged."
#1050,17364573978881,Titan Peak Band,RG00088|Y|18|VVSVSEFG|H|20|0.44|NA,1,18,none,,,,,,order (GST),,58865.89,,,,,11355,,unavailable,,,,BLOCKED,58865.89,OK,"[deduction] The diamond on this item has no current value anywhere (its listing is gone and the order recorded no diamond price). Use Full Value. || [deduction] The gold weight of this piece is not recorded on the order and its product listing is gone. Weigh the piece and enter its NET gold weight (gross weight minus stones) in the weighed-weight cell, with a reason.",,"[full] No price breakup was recorded on this order, so the paid column is empty. Full Value credits the ₹58,865.89 charged."
#1051,17422148108545,Relic Earrings,ER00099|Y|18|VVSVSEFG|H|NA|2.18|NA,1,18,no-discount,18428,63572,3000,0,2550,order (GST),87550,87550,63572,order (Diamond — no discount on this item),1.535,order (_net_wt),11355,76300,today's catalogue (price_breakup_diamond),17429.93,61040,78469.93,OK,87550,OK,,,
#1052,17422356676865,Orb Halo Round 0.73ct Lariat,NK00068|Y|18|VVSVSEFG|H|18|2.82|NA,1,18,no-discount,204762,98700,29635,0,9992.91,order (GST),343089.91,343089.91,98700,order (Diamond — no discount on this item),17.736,order (_net_wt),11355,98700,today's catalogue (price_breakup_diamond),201392.28,78960,280352.28,OK,343089.91,OK,,,
#1052,17422356709633,Weave hoop earring,ER00091|Y|14|VVSVSEFG|H|NA|1.78|NA,1,14,no-discount,110350,71200,15985,0,5926.05,order (GST),203461.05,203461.05,71200,order (Diamond — no discount on this item),13.25,order (_net_wt),8831,71200,the diamond price charged (no current listing),117010.75,56960,173970.75,CONFIRM,203461.05,OK,,"[deduction] The order records 13.25 g, but the gold charged works out to 12.289 g at the rate locked on the order. Using the recorded 13.25 g. Weigh the piece if in doubt. || [deduction] This product listing has been deleted from Shopify, so there is no current diamond price. The diamond is valued at what was charged (₹71,200.00) and credited at 80% of that.",
#1053,17422357070081,Helios 1.79ct Emerald cut Lab earrings stud,ER00073|W|14|VVSVSEFG|H|NA|1.79|NA,1,14,no-discount,21165,72850,2073,0,2882.64,order (GST),98970.64,98970.64,72850,order (Diamond — no discount on this item),2.18,order (_net_wt),8831,72850,today's catalogue (price_breakup_diamond),19251.58,58280,77531.58,OK,98970.64,OK,,,
#1053,17422357102849,Trapezoid Band,RG00091|W|14|VVSVSEFG|H|14|1.38|NA,1,14,no-discount,26422,55200,2588,0,2526.3,order (GST),86736.3,86736.3,55200,order (Diamond — no discount on this item),2.72,order (_net_wt),8831,55200,the diamond price charged (no current listing),24020.32,44160,68180.32,CONFIRM,86736.3,OK,,"[deduction] This product listing has been deleted from Shopify, so there is no current diamond price. The diamond is valued at what was charged (₹55,200.00) and credited at 80% of that.",
#1054,17478690963713,Box Chain,CHNBOX00001|Y|18|VVSVSEFG|H|16|NA|NA,1,18,no-discount,17980,0,2325,0,609.15,order (GST),20914.15,20914.15,0,no diamond on this item,1.55,order (_net_wt),11355,0,today's catalogue (price_breakup_diamond),17600.25,0,17600.25,OK,20914.15,OK,,,
#1055,17500491415809,Gold Coins,GCOIN|Y|22|VVSVSEFG|H|5|NA|NA,17,22,no-discount,7492.965,,125,0,228.539,order (GST),7846.51,7846.5,,,0.5,order (Gold ÷ _gold_rate),13878.84,0,today's catalogue (price_breakup_diamond),6939.42,0,6939.42,OK,7846.5,OK,,,
#1055,17500491448577,Silver Coin,SCOIN|Y|999|VVSVSEFG|H|5|NA|NA,21,999,no-discount,1450,,25,0,44.25,order (GST),1519.25,1519.25,,,5,today's catalogue (net_metal_weight_g),,0,today's catalogue (price_breakup_diamond),,0,0,BLOCKED,1519.25,OK,"[deduction] This is silver. The system has no live silver rate, so a Deduction value cannot be calculated. Use Full Value, or value it manually with HQ.","[deduction] The weight sold was not recorded on this order, so today's catalogue weight (5 g) is used. Catalogue weights have been edited on some products since they were sold. If the piece weighs differently, enter the weighed net weight.",
#1056,17514858545409,Relic Earrings,ER00099|Y|18|VVSVSEFG|H|NA|2.18|NA,1,18,pre-discount,18946.27,65400,3000,4822,2475.73,order (GST),85000,85000,60578,lowest the stone could have cost: Diamond − the whole discount (split not recorded),1.57,order (Gold ÷ _gold_rate),11355,76300,today's catalogue (price_breakup_diamond),17827.35,60578,78405.35,OK,85000,OK,,,"[deduction] The order does not record how the ₹4,822.00 discount was split between stone and making, so the diamond credit is capped at the lowest the stone could have cost (₹60,578.00)."
#1057,17634952511745,Orb Halo Round 2.09ct Lariat,NK00068|Y|18|VVSVSEFG|H|18|2.82|NA,1,18,no-discount,204762.12,98700,29635,0,9992.91,order (GST),343090.03,343090.03,98700,order (Diamond — no discount on this item),17.736,order (_net_wt),11355,98700,today's catalogue (price_breakup_diamond),201392.28,78960,280352.28,OK,343090.03,OK,,,
#1057,17634952544513,Yellow Gold Paper Clip Chain 18K,"CHN00006|Y|18|NA|NA|16""|NA|NA",1,18,no-discount,50567.1,,4380,0,1648.41,order (GST),56595.51,56595.51,,,4.38,order (_net_wt),11355,0,today's catalogue (price_breakup_diamond),49734.9,0,49734.9,OK,56595.51,OK,,,
#1057,17634952577281,Union Bangle,BG00021|Y|14|VVSVSEFG|H|2.4|1.58|NA,1,14,no-discount,61595.94,56600,8250,0,3793.38,order (GST),130239.32,130239.32,56600,order (Diamond — no discount on this item),6.86,order (_net_wt),8831,56600,today's catalogue (price_breakup_diamond),60580.66,45280,105860.66,OK,130239.32,OK,,,
#1058,17635098001665,Pegasus Earring,ERH00001|Y|18|SI|N|NA|0.86|NA,1,18,no-discount,27817.52,60200,7000,0,2850.53,order (GST),97868.05,97868.05,60200,order (Diamond — no discount on this item),2.398,order (_net_wt),11355,60200,today's catalogue (price_breakup_diamond),27229.29,48160,75389.29,OK,97868.05,OK,,,
#1059,17636666048769,Arabesque Elongated Cushion 1.04ct ring,"RG00110|W|18|VVSVSEFG|H|12""|1.04|1.04",1,18,no-discount,42503.6,52000,7000,0,3045.11,order (GST),104548.71,104548.71,52000,order (Diamond — no discount on this item),3.602,order (_net_wt),11355,41600,today's catalogue (price_breakup_diamond),40900.71,33280,74180.71,OK,104548.71,OK,,,
#1060,17644604784897,Labyrinth Pear Earring,ER00056|P|14|VVSVSEFG|H|NA|0.74|NA,1,14,no-discount,12673.75,31200,1798,0,1370.15,recovered as invoice − components,47041.9,47041.9,31200,order (Diamond — no discount on this item),1.422,order (_net_wt),8831,31200,today's catalogue (price_breakup_diamond),12557.68,24960,37517.68,BLOCKED,47041.9,BLOCKED,"[both] #1060 was already exchanged (EXC27-KAHSR-0001, ₹47,041.00, applied to #D154). Void that Exchange Note first if this exchange is being redone.",,
#1061,17695558861057,Yellow Gold Paper Clip Chain 14K,"CHN00008|Y|14|NA|NA|16""|NA|NA",1,14,no-discount,32141.25,,3750,0,1076.74,order (GST),36967.99,36967.99,,,3.75,order (Gold ÷ _gold_rate),8831,0,today's catalogue (price_breakup_diamond),33116.25,0,33116.25,OK,36967.99,OK,,,
#1062,17787196801281,Dior Lab Diamond Band,RG00097|W|18|VVSVSEFG|H|12|0.64|NA,1,18,no-discount,115400,19200,16964,0,4546.92,order (GST),156110.92,156110.92,19200,order (Diamond — no discount on this item),9.232,order (_net_wt),11355,19200,today's catalogue (price_breakup_diamond),104829.36,15360,120189.36,OK,156110.92,OK,,,
#1063,17793568375041,Orchid Round 1.06ct Lab Grown Diamond stud Earring,ER00061|P|14|VVSVSEFG|H|NA|1.06|NA,1,14,no-discount,10384.86,31800,1200,0,1301.55,order (GST),44686.41,44686.41,31800,order (Diamond — no discount on this item),1.184,order (Gold ÷ _gold_rate),8831,31800,today's catalogue (price_breakup_diamond),10455.9,25440,35895.9,CONFIRM,44686.41,CONFIRM,,"[both] A voucher was already issued against #1063: VCH27-KAHSR-0001 for ₹2,355.00. It may be a balance refund rather than a return. Check with HQ that this item has not already been credited.",
#1064,17848100421889,Rose Gold Elastic Bangle 18K,ELBG00003|P|18|NA|NA|2.4|NA|NA,1,18,no-discount,19249.62,,1740,0,649.4,recovered as invoice − components,21639.02,21639.02,,,1.74,order (_net_wt),11355,0,today's catalogue (price_breakup_diamond),19757.7,0,19757.7,OK,21639.02,OK,,,"[full] GST was not recorded; recovered as ₹649.40, which is not 3% of the components (₹629.69). The breakup is slightly off; Full Value still credits what was charged."
#1065,17859987538177,Infinity Rectangle Hoop Earrings,ER00021|W|18|VVSVS-EFG|H|NA|0.88|NA,1,18,no-discount,42877.5,39600,3893,0,2591.11,recovered as invoice − components,88961.61,88961.61,39600,order (Diamond — no discount on this item),3.893,order (_net_wt),11355,39600,today's catalogue (price_breakup_diamond),44205.02,31680,75885.02,OK,88961.61,OK,,,
#1066,17905921261825,Eirene Huggie Earrings,ER00011|Y|18|VVSVS-EFG|H|NA|0.34|NA,1,18,no-discount,18389.34,11165,1443.09,0,929.92,order (GST),31927.35,31927.35,11165,order (Diamond — no discount on this item),1.698,order (_net_wt),11355,11900,today's catalogue (price_breakup_diamond),19280.79,9520,28800.79,OK,31927.35,OK,,,
#1066,17905921294593,Yellow Gold Chain 18K CHN00002,"CHN00002|Y|18|NA|NA|16""|NA|NA",1,18,no-discount,20360.4,0,1880,0,667.21,order (GST),22907.61,22907.61,0,no diamond on this item,1.88,order (_net_wt),11355,0,today's catalogue (price_breakup_diamond),21347.4,0,21347.4,OK,22907.61,OK,,,
#1067,17913491128577,Alexia Earrings,ER00100|W|18|VVSVSEFG|H|NA|2.01|NA,1,18,unreconciled,15364.92,60300,2490,3015,2163.75,order (GST),77303.67,74288.67,57285,order (Diamond After Discount),1.38,order (_net_wt),11355,60300,today's catalogue (price_breakup_diamond),15669.9,48240,63909.9,OK,74288.67,CONFIRM,,"[full] The price breakup on this order does not add up to what was charged (₹77,303.67 vs ₹74,288.67). Full Value credits the ₹74,288.67 actually charged.",
#1068,17939779420417,Lotus Marquise Pendant,PD00037|Y|18|VVSVS|H|NA|0.21|NA,1,18,pre-discount,27700.86,8400,5020,2512,1158.27,order (GST),39767.13,39767.13,8400,order (Diamond After Discount),2.508,order (_net_wt),11355,8400,today's catalogue (price_breakup_diamond),28478.34,6720,35198.34,OK,39767.13,OK,,,
#1068,17939779453185,Yellow Gold Chain 18K CHN00003,"CHN00003|Y|18|NA|NA|16""|NA|NA",1,18,no-discount,20394.24,0,1880,0,668.23,order (GST),22942.47,22942.47,0,order (Diamond After Discount),1.88,order (_net_wt),11355,0,today's catalogue (price_breakup_diamond),21347.4,0,21347.4,OK,22942.47,OK,,,
#1069,17957842452737,Elaris 6.00ct Cushion Lab Diamond Earring,ER00106|Y|18|VVS-VS-EFG|H|NA|6.03|NA,1,18,pre-discount,61677.65,301500,9810,60300,9380.63,order (GST),322068.28,322068.28,241200,order (Diamond After Discount),5.45,order (_net_wt),11355,301500,today's catalogue (price_breakup_diamond),61884.75,241200,303084.75,OK,322068.28,OK,,,
#1070,17979748319489,Euro chain,CHNSCBL0001|W|18|NA|H|24|NA|NA,1,18,no-discount,34906.61,,5229.37,0,1204.08,order (GST),41340.06,41340.06,0,order (Diamond After Discount),3.23,order (_net_wt),11355,0,today's catalogue (price_breakup_diamond),36676.65,0,36676.65,OK,41340.06,OK,,,
#1071,18032558997761,Avira 0.30ct Lab-Grown Diamond Ring,RG00118|P|14|VS-EF|H|9|NA|0.32,1,14,no-discount,13388.36,9600,3092,0,782.41,order (GST),26862.77,26862.77,9600,order (Diamond After Discount),1.546,order (_net_wt),8831,9600,today's catalogue (price_breakup_diamond),13652.73,7680,21332.73,OK,26862.77,OK,,,
#1072,18033726259457,Selene Lunar cascading earring,ER00084|W|14|VVS-VS-EFG|H|NA|5.75|NA,1,14,pre-discount,37796.42,230000,7880,20000,7670.29,order (GST),263346.71,263346.71,210000,order (Diamond After Discount),3.94,order (_net_wt),8831,230000,today's catalogue (price_breakup_diamond),34794.14,184000,218794.14,OK,263346.71,OK,,,
#1073,18040915132673,Fiona Flare Loose Bangle,BC00021A|Y|18|VS-EF|H|6|NA|0.31,1,18,pre-discount,23024.26,12400,8560,3852,1203.97,order (GST),41336.23,41336.23,12400,order (Diamond After Discount),2.14,order (_net_wt),11355,12400,today's catalogue (price_breakup_diamond),24299.7,9920,34219.7,CONFIRM,41336.23,CONFIRM,,"[both] A voucher was already issued against #1073: VCH27-KAHSR-0002 for ₹13,664.00. It may be a balance refund rather than a return. Check with HQ that this item has not already been credited.",
#1074,18134250520833,Aabha Halo necklace,NK00053|W|14|VVS-VS-EFG|H|16|0.77|NA,1,14,no-discount,21849.31,23100,4838.2,0,1493.63,recovered as invoice − components,51281.14,51281.14,23100,order (Diamond — no discount on this item),2.419,order (_net_wt),8831,23100,today's catalogue (price_breakup_diamond),21362.19,18480,39842.19,BLOCKED,51281.14,BLOCKED,[both] #1074 was cancelled on 2026-09-29. There is nothing to exchange.,,
